,ID,Diseases,risk
0,1,Stroke,0.1362
5,6,Stroke,0.6855
10,11,Stroke,0.4033
11,12,Stroke,0.4148
22,23,Stroke,0.0929
23,24,Stroke,0.0428
24,25,Stroke,0.2278
28,29,Stroke,0.3648
29,30,Stroke,0.2061
35,36,Stroke,0.3754
37,38,Stroke,0.1806
38,39,Stroke,0.3876
39,40,Stroke,0.6815
41,42,Stroke,0.2308
43,44,Stroke,0.0167
44,45,Stroke,0.493
45,46,Stroke,0.3371
48,49,Stroke,0.2628
49,50,Stroke,0.8089
50,51,Stroke,0.11
55,56,Stroke,0.7793
61,62,Stroke,0.8443
62,63,Stroke,0.0573
63,64,Stroke,0.0617
65,66,Stroke,0.1386
66,67,Stroke,0.1791
68,69,Stroke,0.0541
71,72,Stroke,0.6213
73,74,Stroke,0.033
78,79,Stroke,0.4599
79,80,Stroke,0.4914
80,81,Stroke,0.6649
81,82,Stroke,0.2176
83,84,Stroke,0.266
84,85,Stroke,0.608
85,86,Stroke,0.7429
86,87,Stroke,0.7644
92,93,Stroke,0.098
96,97,Stroke,0.0969
97,98,Stroke,0.1796
98,99,Stroke,0.433
100,101,Stroke,0.4114
102,103,Stroke,0.5563
103,104,Stroke,0.0071
105,106,Stroke,0.2451
107,108,Stroke,0.467
108,109,Stroke,0.0339
110,111,Stroke,0.6218
112,113,Stroke,0.404
113,114,Stroke,0.8704
114,115,Stroke,0.4568
116,117,Stroke,0.1665
117,118,Stroke,0.2827
119,120,Stroke,0.0625
120,121,Stroke,0.3371
121,122,Stroke,0.3324
122,123,Stroke,0.2818
124,125,Stroke,0.1949
129,130,Stroke,0.001
131,132,Stroke,0.2943
136,137,Stroke,0.142
137,138,Stroke,0.0066
139,140,Stroke,0.1106
140,141,Stroke,0.2803
142,143,Stroke,0.374
145,146,Stroke,0.8397
148,149,Stroke,0.4771
149,150,Stroke,0.2757
151,152,Stroke,0.9129
152,153,Stroke,0.0874
153,154,Stroke,0.1322
157,158,Stroke,0.4822
158,159,Stroke,0.8156
161,162,Stroke,0.6625
162,163,Stroke,0.27
165,166,Stroke,0.22
168,169,Stroke,0.2591
170,171,Stroke,0.4125
173,174,Stroke,0.1453
178,179,Stroke,0.1003
179,180,Stroke,0.7565
181,182,Stroke,0.6201
182,183,Stroke,0.5029
187,188,Stroke,0.4048
188,189,Stroke,0.7705
189,190,Stroke,0.0953
190,191,Stroke,0.1887
193,194,Stroke,0.9623
195,196,Stroke,0.0792
196,197,Stroke,0.3889
197,198,Stroke,0.3485
200,201,Stroke,0.6823
204,205,Stroke,0.4303
205,206,Stroke,1.0
207,208,Stroke,0.1474
209,210,Stroke,0.1858
210,211,Stroke,0.5047
212,213,Stroke,0.5859
213,214,Stroke,0.0049
215,216,Stroke,0.5138
216,217,Stroke,0.8476
218,219,Stroke,0.5207
220,221,Stroke,0.4052
221,222,Stroke,0.1936
222,223,Stroke,0.1147
223,224,Stroke,0.5244
224,225,Stroke,0.8783
230,231,Stroke,0.5482
233,1,Fatty Liver,0.0801
234,2,Fatty Liver,0.0975
235,3,Fatty Liver,0.0444
236,4,Fatty Liver,0.0453
237,5,Fatty Liver,0.0955
238,6,Fatty Liver,0.5286
239,7,Fatty Liver,0.0734
240,8,Fatty Liver,0.014
241,9,Fatty Liver,0.0396
242,10,Fatty Liver,0.1467
243,11,Fatty Liver,0.3716
244,12,Fatty Liver,0.2025
245,13,Fatty Liver,0.0607
246,14,Fatty Liver,0.0618
247,15,Fatty Liver,0.0697
248,16,Fatty Liver,0.0826
249,17,Fatty Liver,0.0402
250,18,Fatty Liver,0.0219
251,19,Fatty Liver,0.0993
252,20,Fatty Liver,0.0645
253,21,Fatty Liver,0.077
254,22,Fatty Liver,0.0634
255,23,Fatty Liver,0.0893
256,24,Fatty Liver,0.0743
257,25,Fatty Liver,0.1516
258,26,Fatty Liver,0.1859
259,27,Fatty Liver,0.182
260,28,Fatty Liver,0.1413
261,29,Fatty Liver,0.16
262,30,Fatty Liver,0.1733
263,31,Fatty Liver,0.1021
264,32,Fatty Liver,0.0421
265,33,Fatty Liver,0.0364
266,34,Fatty Liver,0.0728
267,35,Fatty Liver,0.0594
268,36,Fatty Liver,0.2611
269,37,Fatty Liver,0.0712
270,38,Fatty Liver,0.126
271,39,Fatty Liver,0.3733
272,40,Fatty Liver,0.5163
273,41,Fatty Liver,0.0356
274,42,Fatty Liver,0.1369
275,43,Fatty Liver,0.0966
276,44,Fatty Liver,0.0898
277,45,Fatty Liver,0.2645
278,46,Fatty Liver,0.2965
280,48,Fatty Liver,0.0462
281,49,Fatty Liver,0.2061
282,50,Fatty Liver,0.7417
283,51,Fatty Liver,0.269
284,52,Fatty Liver,0.0554
285,53,Fatty Liver,0.0239
286,54,Fatty Liver,0.051
287,55,Fatty Liver,0.0843
288,56,Fatty Liver,0.5531
289,57,Fatty Liver,0.0174
290,58,Fatty Liver,0.1385
291,59,Fatty Liver,0.0319
292,60,Fatty Liver,0.0222
293,61,Fatty Liver,0.0693
294,62,Fatty Liver,0.5483
295,63,Fatty Liver,0.0448
296,64,Fatty Liver,0.0871
297,65,Fatty Liver,0.0792
298,66,Fatty Liver,0.1353
299,67,Fatty Liver,0.2274
300,68,Fatty Liver,0.1039
301,69,Fatty Liver,0.0777
302,70,Fatty Liver,0.0421
303,71,Fatty Liver,0.0269
304,72,Fatty Liver,0.4033
305,73,Fatty Liver,0.0159
306,74,Fatty Liver,0.2104
307,75,Fatty Liver,0.0055
308,76,Fatty Liver,0.0785
309,77,Fatty Liver,0.1354
310,78,Fatty Liver,0.161
311,79,Fatty Liver,0.2383
312,80,Fatty Liver,0.1858
313,81,Fatty Liver,0.2355
314,82,Fatty Liver,0.2032
315,83,Fatty Liver,0.0579
316,84,Fatty Liver,0.2985
317,85,Fatty Liver,0.2335
318,86,Fatty Liver,0.4991
319,87,Fatty Liver,0.5154
320,88,Fatty Liver,0.0537
321,89,Fatty Liver,0.0544
322,90,Fatty Liver,0.2189
323,91,Fatty Liver,0.0555
324,92,Fatty Liver,0.0882
325,93,Fatty Liver,0.1071
326,94,Fatty Liver,0.1364
327,95,Fatty Liver,0.0269
328,96,Fatty Liver,0.0703
329,97,Fatty Liver,0.2067
330,98,Fatty Liver,0.171
331,99,Fatty Liver,0.2196
332,100,Fatty Liver,0.0302
333,101,Fatty Liver,0.3318
334,102,Fatty Liver,0.133
335,103,Fatty Liver,0.4392
336,104,Fatty Liver,0.0811
337,105,Fatty Liver,0.0515
338,106,Fatty Liver,0.2516
339,107,Fatty Liver,0.1087
340,108,Fatty Liver,0.3916
341,109,Fatty Liver,0.2436
342,110,Fatty Liver,0.0568
343,111,Fatty Liver,0.3915
344,112,Fatty Liver,0.0558
345,113,Fatty Liver,0.2815
346,114,Fatty Liver,0.5793
347,115,Fatty Liver,0.4351
348,116,Fatty Liver,0.0631
349,117,Fatty Liver,0.2635
350,118,Fatty Liver,0.3082
351,119,Fatty Liver,0.0767
352,120,Fatty Liver,0.1574
353,121,Fatty Liver,0.2802
354,122,Fatty Liver,0.212
355,123,Fatty Liver,0.2172
356,124,Fatty Liver,0.1438
357,125,Fatty Liver,0.1812
358,126,Fatty Liver,0.0115
359,127,Fatty Liver,0.0056
360,128,Fatty Liver,0.1005
361,129,Fatty Liver,0.0235
362,130,Fatty Liver,0.072
363,131,Fatty Liver,0.0925
364,132,Fatty Liver,0.2768
365,133,Fatty Liver,0.1005
366,134,Fatty Liver,0.0862
367,135,Fatty Liver,0.0722
368,136,Fatty Liver,0.056
369,137,Fatty Liver,0.1496
370,138,Fatty Liver,0.0997
371,139,Fatty Liver,0.064
372,140,Fatty Liver,0.1167
373,141,Fatty Liver,0.1335
374,142,Fatty Liver,0.164
375,143,Fatty Liver,0.2697
376,144,Fatty Liver,0.1413
377,145,Fatty Liver,0.1186
378,146,Fatty Liver,0.5499
379,147,Fatty Liver,0.0865
380,148,Fatty Liver,0.0965
381,149,Fatty Liver,0.285
382,150,Fatty Liver,0.1662
383,151,Fatty Liver,0.0557
384,152,Fatty Liver,0.5253
385,153,Fatty Liver,0.1775
386,154,Fatty Liver,0.1253
387,155,Fatty Liver,0.0429
388,156,Fatty Liver,0.0396
389,157,Fatty Liver,0.1
390,158,Fatty Liver,0.2405
391,159,Fatty Liver,0.5954
392,160,Fatty Liver,0.0454
393,161,Fatty Liver,0.0688
394,162,Fatty Liver,0.4502
395,163,Fatty Liver,0.156
396,164,Fatty Liver,0.0662
397,165,Fatty Liver,0.0571
398,166,Fatty Liver,0.1878
399,167,Fatty Liver,0.021
400,168,Fatty Liver,0.1584
401,169,Fatty Liver,0.2468
402,170,Fatty Liver,0.0479
403,171,Fatty Liver,0.2084
404,172,Fatty Liver,0.0469
405,173,Fatty Liver,0.0502
406,174,Fatty Liver,0.1402
407,175,Fatty Liver,0.0604
408,176,Fatty Liver,0.0492
409,177,Fatty Liver,0.0002
410,178,Fatty Liver,0.0762
411,179,Fatty Liver,0.1165
412,180,Fatty Liver,0.4617
413,181,Fatty Liver,0.0134
414,182,Fatty Liver,0.3676
415,183,Fatty Liver,0.4894
416,184,Fatty Liver,0.0908
417,185,Fatty Liver,0.0061
418,186,Fatty Liver,0.0689
419,187,Fatty Liver,0.1729
420,188,Fatty Liver,0.311
421,189,Fatty Liver,0.4718
422,190,Fatty Liver,0.1118
423,191,Fatty Liver,0.1165
424,192,Fatty Liver,0.0674
425,193,Fatty Liver,0.0522
426,194,Fatty Liver,0.5569
427,195,Fatty Liver,0.0188
428,196,Fatty Liver,0.1027
429,197,Fatty Liver,0.2949
430,198,Fatty Liver,0.248
431,199,Fatty Liver,0.2127
432,200,Fatty Liver,0.0227
433,201,Fatty Liver,0.4718
434,202,Fatty Liver,0.0462
435,203,Fatty Liver,0.0531
436,204,Fatty Liver,0.078
437,205,Fatty Liver,0.3128
438,206,Fatty Liver,0.5929
439,207,Fatty Liver,0.0627
440,208,Fatty Liver,0.1956
441,209,Fatty Liver,0.0522
442,210,Fatty Liver,0.1939
443,211,Fatty Liver,0.2158
444,212,Fatty Liver,0.0708
445,213,Fatty Liver,0.2524
446,214,Fatty Liver,0.0683
447,215,Fatty Liver,0.0315
448,216,Fatty Liver,0.3976
449,217,Fatty Liver,0.5656
450,218,Fatty Liver,0.014
451,219,Fatty Liver,0.2754
452,220,Fatty Liver,0.1063
453,221,Fatty Liver,0.236
454,222,Fatty Liver,0.1937
455,223,Fatty Liver,0.2092
456,224,Fatty Liver,0.4079
457,225,Fatty Liver,0.4878
458,226,Fatty Liver,0.0142
459,227,Fatty Liver,0.0366
460,228,Fatty Liver,0.039
461,229,Fatty Liver,0.0411
462,230,Fatty Liver,0.065
463,231,Fatty Liver,0.4002
464,232,Fatty Liver,0.1835
465,233,Fatty Liver,0.0858
469,4,Breast Cancer,0.8159
470,5,Breast Cancer,0.0851
472,7,Breast Cancer,0.248
477,12,Breast Cancer,0.6985
490,25,Breast Cancer,0.0516
494,29,Breast Cancer,0.1651
495,30,Breast Cancer,0.3352
502,37,Breast Cancer,0.7617
503,38,Breast Cancer,0.0121
507,42,Breast Cancer,0.552
510,45,Breast Cancer,0.5054
520,55,Breast Cancer,0.1674
524,59,Breast Cancer,0.318
526,61,Breast Cancer,0.2778
528,63,Breast Cancer,0.9049
529,64,Breast Cancer,0.4106
536,71,Breast Cancer,0.8159
544,79,Breast Cancer,0.1202
545,80,Breast Cancer,0.77
546,81,Breast Cancer,0.4172
550,85,Breast Cancer,0.3688
554,89,Breast Cancer,0.8159
558,93,Breast Cancer,0.441
563,98,Breast Cancer,0.2669
564,99,Breast Cancer,0.6842
575,110,Breast Cancer,0.318
605,140,Breast Cancer,0.4437
606,141,Breast Cancer,0.0951
614,149,Breast Cancer,0.3391
615,150,Breast Cancer,0.0894
616,151,Breast Cancer,0.8159
620,155,Breast Cancer,0.8159
623,158,Breast Cancer,0.6733
625,160,Breast Cancer,0.318
628,163,Breast Cancer,0.0854
629,164,Breast Cancer,0.3008
636,171,Breast Cancer,0.1974
640,175,Breast Cancer,0.8159
644,179,Breast Cancer,0.4118
649,184,Breast Cancer,0.1196
656,191,Breast Cancer,0.5169
662,197,Breast Cancer,0.0783
676,211,Breast Cancer,0.277
678,213,Breast Cancer,0.8361
684,219,Breast Cancer,1.0
685,220,Breast Cancer,0.5037
686,221,Breast Cancer,0.4619
694,229,Breast Cancer,0.8159
699,1,Bowel Cancer,0.1869
700,2,Bowel Cancer,0.4718
702,4,Bowel Cancer,0.3037
703,5,Bowel Cancer,0.1731
704,6,Bowel Cancer,1.0
705,7,Bowel Cancer,0.5323
706,8,Bowel Cancer,0.1942
707,9,Bowel Cancer,0.3883
708,10,Bowel Cancer,0.7085
709,11,Bowel Cancer,0.984
710,12,Bowel Cancer,0.5421
711,13,Bowel Cancer,0.4731
712,14,Bowel Cancer,0.2181
713,15,Bowel Cancer,0.3676
714,16,Bowel Cancer,0.3979
715,17,Bowel Cancer,0.29
716,18,Bowel Cancer,0.3489
717,19,Bowel Cancer,0.633
718,20,Bowel Cancer,0.352
719,21,Bowel Cancer,0.5467
720,22,Bowel Cancer,0.4658
721,23,Bowel Cancer,0.4582
722,24,Bowel Cancer,0.3219
723,25,Bowel Cancer,0.2527
724,26,Bowel Cancer,0.8028
725,27,Bowel Cancer,0.8554
726,28,Bowel Cancer,0.6162
727,29,Bowel Cancer,0.2921
729,31,Bowel Cancer,0.6084
730,32,Bowel Cancer,0.1071
731,33,Bowel Cancer,0.3962
732,34,Bowel Cancer,0.1275
733,35,Bowel Cancer,0.3683
734,36,Bowel Cancer,0.2779
735,37,Bowel Cancer,0.428
736,38,Bowel Cancer,0.4239
737,39,Bowel Cancer,0.6127
738,40,Bowel Cancer,0.7008
739,41,Bowel Cancer,0.0986
740,42,Bowel Cancer,0.2496
741,43,Bowel Cancer,0.5508
742,44,Bowel Cancer,0.3452
743,45,Bowel Cancer,0.3614
744,46,Bowel Cancer,0.3005
745,47,Bowel Cancer,0.1846
746,48,Bowel Cancer,0.3833
747,49,Bowel Cancer,0.5086
748,50,Bowel Cancer,0.9866
749,51,Bowel Cancer,0.8762
750,52,Bowel Cancer,0.002
751,53,Bowel Cancer,0.3083
752,54,Bowel Cancer,0.3028
753,55,Bowel Cancer,0.5149
754,56,Bowel Cancer,0.5617
755,57,Bowel Cancer,0.1094
756,58,Bowel Cancer,0.344
757,59,Bowel Cancer,0.0905
759,61,Bowel Cancer,0.3962
760,62,Bowel Cancer,0.6614
761,63,Bowel Cancer,0.3534
762,64,Bowel Cancer,0.5053
763,65,Bowel Cancer,0.0115
764,66,Bowel Cancer,0.4505
765,67,Bowel Cancer,0.5675
767,69,Bowel Cancer,0.3901
768,70,Bowel Cancer,0.2853
769,71,Bowel Cancer,0.3499
770,72,Bowel Cancer,0.253
772,74,Bowel Cancer,0.683
773,75,Bowel Cancer,0.3156
774,76,Bowel Cancer,0.2701
775,77,Bowel Cancer,0.4175
776,78,Bowel Cancer,0.4539
777,79,Bowel Cancer,0.5807
778,80,Bowel Cancer,0.3215
779,81,Bowel Cancer,0.1175
780,82,Bowel Cancer,0.4017
781,83,Bowel Cancer,0.3414
782,84,Bowel Cancer,0.3983
783,85,Bowel Cancer,0.4339
784,86,Bowel Cancer,0.5819
785,87,Bowel Cancer,0.5229
786,88,Bowel Cancer,0.1519
788,90,Bowel Cancer,0.9958
790,92,Bowel Cancer,0.455
791,93,Bowel Cancer,0.5507
792,94,Bowel Cancer,0.6201
793,95,Bowel Cancer,0.1885
794,96,Bowel Cancer,0.4505
795,97,Bowel Cancer,0.4843
796,98,Bowel Cancer,0.6261
798,100,Bowel Cancer,0.3078
799,101,Bowel Cancer,0.6932
800,102,Bowel Cancer,0.7146
801,103,Bowel Cancer,0.6427
802,104,Bowel Cancer,0.32
803,105,Bowel Cancer,0.4062
804,106,Bowel Cancer,0.7631
805,107,Bowel Cancer,0.6685
807,109,Bowel Cancer,0.9207
808,110,Bowel Cancer,0.4803
810,112,Bowel Cancer,0.3226
812,114,Bowel Cancer,0.5372
813,115,Bowel Cancer,0.7319
814,116,Bowel Cancer,0.4863
815,117,Bowel Cancer,0.501
816,118,Bowel Cancer,0.6864
817,119,Bowel Cancer,0.0904
818,120,Bowel Cancer,0.6372
819,121,Bowel Cancer,0.3062
820,122,Bowel Cancer,0.2032
821,123,Bowel Cancer,0.235
822,124,Bowel Cancer,0.7599
823,125,Bowel Cancer,0.4895
824,126,Bowel Cancer,0.2178
825,127,Bowel Cancer,0.3037
826,128,Bowel Cancer,0.6331
828,130,Bowel Cancer,0.3141
829,131,Bowel Cancer,0.6048
830,132,Bowel Cancer,0.312
831,133,Bowel Cancer,0.2237
832,134,Bowel Cancer,0.4105
833,135,Bowel Cancer,0.451
834,136,Bowel Cancer,0.1292
835,137,Bowel Cancer,0.5808
836,138,Bowel Cancer,0.2261
837,139,Bowel Cancer,0.4219
838,140,Bowel Cancer,0.3646
839,141,Bowel Cancer,0.3556
840,142,Bowel Cancer,0.7207
842,144,Bowel Cancer,0.2766
843,145,Bowel Cancer,0.5609
844,146,Bowel Cancer,0.5787
845,147,Bowel Cancer,0.4752
846,148,Bowel Cancer,0.6137
847,149,Bowel Cancer,0.3495
848,150,Bowel Cancer,0.1673
851,153,Bowel Cancer,0.766
852,154,Bowel Cancer,0.0168
853,155,Bowel Cancer,0.2451
854,156,Bowel Cancer,0.216
855,157,Bowel Cancer,0.4088
856,158,Bowel Cancer,0.318
857,159,Bowel Cancer,0.4834
858,160,Bowel Cancer,0.4357
859,161,Bowel Cancer,0.3627
860,162,Bowel Cancer,0.2189
861,163,Bowel Cancer,0.0753
862,164,Bowel Cancer,0.3959
863,165,Bowel Cancer,0.4617
864,166,Bowel Cancer,0.5328
865,167,Bowel Cancer,0.4133
866,168,Bowel Cancer,0.744
867,169,Bowel Cancer,0.4008
868,170,Bowel Cancer,0.2864
869,171,Bowel Cancer,0.5749
870,172,Bowel Cancer,0.2847
871,173,Bowel Cancer,0.3099
872,174,Bowel Cancer,0.1183
873,175,Bowel Cancer,0.1081
874,176,Bowel Cancer,0.4145
875,177,Bowel Cancer,0.3497
876,178,Bowel Cancer,0.4838
877,179,Bowel Cancer,0.247
878,180,Bowel Cancer,0.5687
881,183,Bowel Cancer,0.1738
882,184,Bowel Cancer,0.5359
883,185,Bowel Cancer,0.3799
884,186,Bowel Cancer,0.3299
885,187,Bowel Cancer,0.7997
889,191,Bowel Cancer,0.4316
890,192,Bowel Cancer,0.2953
891,193,Bowel Cancer,0.2938
892,194,Bowel Cancer,0.2335
893,195,Bowel Cancer,0.3984
894,196,Bowel Cancer,0.5173
895,197,Bowel Cancer,0.362
896,198,Bowel Cancer,0.2521
897,199,Bowel Cancer,0.6323
898,200,Bowel Cancer,0.2825
899,201,Bowel Cancer,0.6507
901,203,Bowel Cancer,0.2531
902,204,Bowel Cancer,0.5592
903,205,Bowel Cancer,0.4232
904,206,Bowel Cancer,0.2214
906,208,Bowel Cancer,0.5951
907,209,Bowel Cancer,0.4891
908,210,Bowel Cancer,0.2176
909,211,Bowel Cancer,0.5415
910,212,Bowel Cancer,0.2171
911,213,Bowel Cancer,0.3025
912,214,Bowel Cancer,0.4174
914,216,Bowel Cancer,0.678
915,217,Bowel Cancer,0.3662
916,218,Bowel Cancer,0.1025
917,219,Bowel Cancer,0.5902
918,220,Bowel Cancer,0.5975
919,221,Bowel Cancer,0.6159
920,222,Bowel Cancer,0.4432
921,223,Bowel Cancer,0.5779
922,224,Bowel Cancer,0.6936
924,226,Bowel Cancer,0.3989
927,229,Bowel Cancer,0.1736
928,230,Bowel Cancer,0.0015
929,231,Bowel Cancer,0.4663
930,232,Bowel Cancer,0.8311
931,233,Bowel Cancer,0.2398
937,6,Lung cancer,0.4796
938,7,Lung cancer,0.0467
943,12,Lung cancer,0.3688
944,13,Lung cancer,0.0409
961,30,Lung cancer,0.0771
968,37,Lung cancer,0.1143
973,42,Lung cancer,0.2079
976,45,Lung cancer,0.3287
977,46,Lung cancer,0.1878
981,50,Lung cancer,0.4303
986,55,Lung cancer,0.0338
994,63,Lung cancer,0.4072
995,64,Lung cancer,0.1736
1002,71,Lung cancer,0.14
1005,74,Lung cancer,0.1066
1009,78,Lung cancer,0.0261
1011,80,Lung cancer,0.3938
1015,84,Lung cancer,0.1525
1020,89,Lung cancer,0.0487
1024,93,Lung cancer,0.1987
1029,98,Lung cancer,0.2352
1030,99,Lung cancer,0.1649
1032,101,Lung cancer,0.3151
1039,108,Lung cancer,0.1514
1045,114,Lung cancer,0.4761
1046,115,Lung cancer,0.2931
1048,117,Lung cancer,0.1215
1049,118,Lung cancer,0.2291
1051,120,Lung cancer,0.1562
1052,121,Lung cancer,0.1994
1054,123,Lung cancer,0.1811
1071,140,Lung cancer,0.1565
1077,146,Lung cancer,1.0
1080,149,Lung cancer,0.3004
1084,153,Lung cancer,0.1925
1086,155,Lung cancer,0.2154
1089,158,Lung cancer,0.333
1093,162,Lung cancer,0.7735
1095,164,Lung cancer,0.0082
1099,168,Lung cancer,0.0733
1110,179,Lung cancer,0.1201
1115,184,Lung cancer,0.0527
1122,191,Lung cancer,0.2338
1125,194,Lung cancer,0.4893
1128,197,Lung cancer,0.2399
1132,201,Lung cancer,0.4271
1137,206,Lung cancer,0.4904
1139,208,Lung cancer,0.1759
1144,213,Lung cancer,0.4036
1148,217,Lung cancer,0.4258
1150,219,Lung cancer,0.8489
1151,220,Lung cancer,0.0639
1152,221,Lung cancer,0.3493
1153,222,Lung cancer,0.1774
1155,224,Lung cancer,0.3556
1162,231,Lung cancer,0.3244
1163,232,Lung cancer,0.1652
1165,1,Kidney Disease,0.0818
1168,4,Kidney Disease,0.2204
1170,6,Kidney Disease,0.284
1175,11,Kidney Disease,0.1848
1176,12,Kidney Disease,0.201
1177,13,Kidney Disease,0.0621
1179,15,Kidney Disease,0.0214
1182,18,Kidney Disease,0.0003
1187,23,Kidney Disease,0.0627
1188,24,Kidney Disease,0.0406
1189,25,Kidney Disease,0.1223
1193,29,Kidney Disease,0.1822
1194,30,Kidney Disease,0.1127
1200,36,Kidney Disease,0.1412
1201,37,Kidney Disease,0.1671
1202,38,Kidney Disease,0.1015
1203,39,Kidney Disease,0.1345
1204,40,Kidney Disease,0.2348
1206,42,Kidney Disease,0.1236
1208,44,Kidney Disease,0.0143
1209,45,Kidney Disease,0.2281
1210,46,Kidney Disease,0.1628
1213,49,Kidney Disease,0.1015
1214,50,Kidney Disease,0.2516
1215,51,Kidney Disease,0.0417
1218,54,Kidney Disease,0.219
1220,56,Kidney Disease,0.2706
1224,60,Kidney Disease,0.0104
1226,62,Kidney Disease,0.3
1227,63,Kidney Disease,0.1144
1228,64,Kidney Disease,0.0489
1230,66,Kidney Disease,0.0829
1231,67,Kidney Disease,0.0679
1233,69,Kidney Disease,0.0455
1235,71,Kidney Disease,0.1098
1236,72,Kidney Disease,0.2271
1238,74,Kidney Disease,0.0362
1243,79,Kidney Disease,0.217
1244,80,Kidney Disease,0.2388
1245,81,Kidney Disease,0.3154
1246,82,Kidney Disease,0.0842
1248,84,Kidney Disease,0.0952
1249,85,Kidney Disease,0.2899
1250,86,Kidney Disease,0.2641
1251,87,Kidney Disease,0.2707
1253,89,Kidney Disease,0.9363
1257,93,Kidney Disease,0.065
1261,97,Kidney Disease,0.0395
1262,98,Kidney Disease,0.101
1263,99,Kidney Disease,0.2073
1265,101,Kidney Disease,0.19
1267,103,Kidney Disease,0.194
1268,104,Kidney Disease,0.011
1269,105,Kidney Disease,0.1063
1270,106,Kidney Disease,0.1288
1272,108,Kidney Disease,0.1639
1273,109,Kidney Disease,0.0177
1275,111,Kidney Disease,0.2284
1277,113,Kidney Disease,0.1514
1278,114,Kidney Disease,0.3058
1279,115,Kidney Disease,0.1546
1281,117,Kidney Disease,0.0613
1282,118,Kidney Disease,0.1006
1284,120,Kidney Disease,0.0493
1285,121,Kidney Disease,0.1244
1286,122,Kidney Disease,0.1644
1287,123,Kidney Disease,0.1082
1289,125,Kidney Disease,0.1078
1294,130,Kidney Disease,0.0221
1295,131,Kidney Disease,0.0197
1296,132,Kidney Disease,0.1078
1300,136,Kidney Disease,0.0028
1301,137,Kidney Disease,0.0844
1302,138,Kidney Disease,0.0106
1304,140,Kidney Disease,0.0705
1305,141,Kidney Disease,0.1453
1307,143,Kidney Disease,0.1406
1310,146,Kidney Disease,0.4195
1313,149,Kidney Disease,0.2193
1314,150,Kidney Disease,0.1423
1315,151,Kidney Disease,0.7316
1316,152,Kidney Disease,0.3313
1317,153,Kidney Disease,0.0603
1318,154,Kidney Disease,0.0553
1319,155,Kidney Disease,0.2774
1322,158,Kidney Disease,0.2268
1323,159,Kidney Disease,0.2788
1326,162,Kidney Disease,0.7281
1327,163,Kidney Disease,0.1401
1330,166,Kidney Disease,0.1189
1333,169,Kidney Disease,0.0968
1335,171,Kidney Disease,0.1993
1337,173,Kidney Disease,0.021
1338,174,Kidney Disease,0.0599
1339,175,Kidney Disease,0.4854
1343,179,Kidney Disease,0.066
1344,180,Kidney Disease,0.276
1346,182,Kidney Disease,0.2277
1347,183,Kidney Disease,0.1661
1352,188,Kidney Disease,0.1484
1353,189,Kidney Disease,0.2809
1354,190,Kidney Disease,0.0422
1355,191,Kidney Disease,0.1051
1358,194,Kidney Disease,0.3487
1360,196,Kidney Disease,0.0567
1361,197,Kidney Disease,0.1831
1362,198,Kidney Disease,0.1318
1365,201,Kidney Disease,0.2424
1369,205,Kidney Disease,0.1587
1370,206,Kidney Disease,0.362
1371,207,Kidney Disease,0.7566
1372,208,Kidney Disease,0.0581
1374,210,Kidney Disease,0.0726
1375,211,Kidney Disease,0.2414
1377,213,Kidney Disease,0.2737
1378,214,Kidney Disease,0.0238
1380,216,Kidney Disease,0.1822
1381,217,Kidney Disease,0.2983
1383,219,Kidney Disease,0.3998
1384,220,Kidney Disease,0.0932
1385,221,Kidney Disease,0.1933
1386,222,Kidney Disease,0.0756
1387,223,Kidney Disease,0.0456
1388,224,Kidney Disease,0.1852
1389,225,Kidney Disease,0.319
1393,229,Kidney Disease,0.3507
1394,230,Kidney Disease,0.0064
1395,231,Kidney Disease,0.1962
1396,232,Kidney Disease,0.0647
1397,233,Kidney Disease,0.0074
1398,1,Alcoholic Liver Disease,0.1811
1399,2,Alcoholic Liver Disease,0.1907
1400,3,Alcoholic Liver Disease,0.1457
1401,4,Alcoholic Liver Disease,0.2006
1402,5,Alcoholic Liver Disease,0.1878
1403,6,Alcoholic Liver Disease,0.4456
1404,7,Alcoholic Liver Disease,0.1667
1405,8,Alcoholic Liver Disease,0.0266
1406,9,Alcoholic Liver Disease,0.1257
1407,10,Alcoholic Liver Disease,0.208
1408,11,Alcoholic Liver Disease,0.3917
1409,12,Alcoholic Liver Disease,0.2706
1410,13,Alcoholic Liver Disease,0.1628
1411,14,Alcoholic Liver Disease,0.1369
1412,15,Alcoholic Liver Disease,0.1837
1413,16,Alcoholic Liver Disease,0.0963
1414,17,Alcoholic Liver Disease,0.0885
1415,18,Alcoholic Liver Disease,0.1435
1416,19,Alcoholic Liver Disease,0.1916
1417,20,Alcoholic Liver Disease,0.125
1418,21,Alcoholic Liver Disease,0.1121
1419,22,Alcoholic Liver Disease,0.0675
1420,23,Alcoholic Liver Disease,0.1935
1421,24,Alcoholic Liver Disease,0.1841
1422,25,Alcoholic Liver Disease,0.2393
1423,26,Alcoholic Liver Disease,0.1627
1424,27,Alcoholic Liver Disease,0.2568
1425,28,Alcoholic Liver Disease,0.1274
1426,29,Alcoholic Liver Disease,0.2349
1427,30,Alcoholic Liver Disease,0.2615
1428,31,Alcoholic Liver Disease,0.1155
1429,32,Alcoholic Liver Disease,0.1569
1430,33,Alcoholic Liver Disease,0.0673
1431,34,Alcoholic Liver Disease,0.1724
1432,35,Alcoholic Liver Disease,0.08
1433,36,Alcoholic Liver Disease,0.2348
1434,37,Alcoholic Liver Disease,0.2751
1435,38,Alcoholic Liver Disease,0.2198
1436,39,Alcoholic Liver Disease,0.3076
1437,40,Alcoholic Liver Disease,0.3392
1438,41,Alcoholic Liver Disease,0.0737
1439,42,Alcoholic Liver Disease,0.2254
1440,43,Alcoholic Liver Disease,0.1242
1441,44,Alcoholic Liver Disease,0.1877
1442,45,Alcoholic Liver Disease,0.3228
1443,46,Alcoholic Liver Disease,0.3504
1444,47,Alcoholic Liver Disease,0.035
1445,48,Alcoholic Liver Disease,0.0235
1446,49,Alcoholic Liver Disease,0.2189
1447,50,Alcoholic Liver Disease,0.4378
1448,51,Alcoholic Liver Disease,0.3109
1449,52,Alcoholic Liver Disease,0.0779
1450,53,Alcoholic Liver Disease,0.1186
1451,54,Alcoholic Liver Disease,0.2638
1452,55,Alcoholic Liver Disease,0.1765
1453,56,Alcoholic Liver Disease,0.3457
1454,57,Alcoholic Liver Disease,0.1328
1455,58,Alcoholic Liver Disease,0.1869
1456,59,Alcoholic Liver Disease,0.0542
1457,60,Alcoholic Liver Disease,0.1417
1458,61,Alcoholic Liver Disease,0.0454
1459,62,Alcoholic Liver Disease,0.3374
1460,63,Alcoholic Liver Disease,0.2037
1461,64,Alcoholic Liver Disease,0.1943
1462,65,Alcoholic Liver Disease,0.1347
1463,66,Alcoholic Liver Disease,0.2322
1464,67,Alcoholic Liver Disease,0.2552
1465,68,Alcoholic Liver Disease,0.1964
1466,69,Alcoholic Liver Disease,0.1862
1467,70,Alcoholic Liver Disease,0.108
1468,71,Alcoholic Liver Disease,0.1956
1469,72,Alcoholic Liver Disease,0.2872
1470,73,Alcoholic Liver Disease,0.1153
1471,74,Alcoholic Liver Disease,0.3117
1472,75,Alcoholic Liver Disease,0.0392
1473,76,Alcoholic Liver Disease,0.1502
1474,77,Alcoholic Liver Disease,0.1595
1475,78,Alcoholic Liver Disease,0.2669
1476,79,Alcoholic Liver Disease,0.3006
1477,80,Alcoholic Liver Disease,0.2473
1478,81,Alcoholic Liver Disease,0.2778
1479,82,Alcoholic Liver Disease,0.2272
1480,83,Alcoholic Liver Disease,0.0629
1481,84,Alcoholic Liver Disease,0.2853
1482,85,Alcoholic Liver Disease,0.2812
1483,86,Alcoholic Liver Disease,0.3231
1484,87,Alcoholic Liver Disease,0.3289
1485,88,Alcoholic Liver Disease,0.0878
1486,89,Alcoholic Liver Disease,0.8344
1487,90,Alcoholic Liver Disease,0.2415
1488,91,Alcoholic Liver Disease,0.1381
1489,92,Alcoholic Liver Disease,0.1117
1490,93,Alcoholic Liver Disease,0.2096
1491,94,Alcoholic Liver Disease,0.2017
1492,95,Alcoholic Liver Disease,0.1419
1493,96,Alcoholic Liver Disease,0.0855
1494,97,Alcoholic Liver Disease,0.2633
1495,98,Alcoholic Liver Disease,0.2617
1496,99,Alcoholic Liver Disease,0.2852
1497,100,Alcoholic Liver Disease,0.1071
1498,101,Alcoholic Liver Disease,0.3658
1499,102,Alcoholic Liver Disease,0.215
1500,103,Alcoholic Liver Disease,0.3155
1501,104,Alcoholic Liver Disease,0.1828
1502,105,Alcoholic Liver Disease,0.1522
1503,106,Alcoholic Liver Disease,0.329
1504,107,Alcoholic Liver Disease,0.2082
1505,108,Alcoholic Liver Disease,0.3028
1506,109,Alcoholic Liver Disease,0.3185
1507,110,Alcoholic Liver Disease,0.0889
1508,111,Alcoholic Liver Disease,0.2788
1509,112,Alcoholic Liver Disease,0.0542
1510,113,Alcoholic Liver Disease,0.2448
1511,114,Alcoholic Liver Disease,0.3493
1512,115,Alcoholic Liver Disease,0.3322
1513,116,Alcoholic Liver Disease,0.172
1514,117,Alcoholic Liver Disease,0.2872
1515,118,Alcoholic Liver Disease,0.2879
1516,119,Alcoholic Liver Disease,0.0975
1517,120,Alcoholic Liver Disease,0.2597
1518,121,Alcoholic Liver Disease,0.2562
1519,122,Alcoholic Liver Disease,0.2869
1520,123,Alcoholic Liver Disease,0.2233
1521,124,Alcoholic Liver Disease,0.1277
1522,125,Alcoholic Liver Disease,0.2698
1523,126,Alcoholic Liver Disease,0.118
1524,127,Alcoholic Liver Disease,0.0168
1525,128,Alcoholic Liver Disease,0.0831
1526,129,Alcoholic Liver Disease,0.039
1527,130,Alcoholic Liver Disease,0.1857
1528,131,Alcoholic Liver Disease,0.1165
1529,132,Alcoholic Liver Disease,0.2629
1530,133,Alcoholic Liver Disease,0.0803
1531,134,Alcoholic Liver Disease,0.0714
1532,135,Alcoholic Liver Disease,0.0996
1533,136,Alcoholic Liver Disease,0.1748
1534,137,Alcoholic Liver Disease,0.2452
1535,138,Alcoholic Liver Disease,0.1998
1536,139,Alcoholic Liver Disease,0.1109
1537,140,Alcoholic Liver Disease,0.2175
1538,141,Alcoholic Liver Disease,0.2177
1539,142,Alcoholic Liver Disease,0.2256
1540,143,Alcoholic Liver Disease,0.2427
1541,144,Alcoholic Liver Disease,0.2215
1542,145,Alcoholic Liver Disease,0.1987
1543,146,Alcoholic Liver Disease,0.4259
1544,147,Alcoholic Liver Disease,0.1069
1545,148,Alcoholic Liver Disease,0.1229
1546,149,Alcoholic Liver Disease,0.3375
1547,150,Alcoholic Liver Disease,0.2488
1548,151,Alcoholic Liver Disease,0.632
1549,152,Alcoholic Liver Disease,0.3119
1550,153,Alcoholic Liver Disease,0.2761
1551,154,Alcoholic Liver Disease,0.1848
1552,155,Alcoholic Liver Disease,0.3553
1553,156,Alcoholic Liver Disease,0.0549
1554,157,Alcoholic Liver Disease,0.1594
1555,158,Alcoholic Liver Disease,0.3006
1556,159,Alcoholic Liver Disease,0.3621
1557,160,Alcoholic Liver Disease,0.0984
1558,161,Alcoholic Liver Disease,0.075
1559,162,Alcoholic Liver Disease,0.6595
1560,163,Alcoholic Liver Disease,0.2398
1561,164,Alcoholic Liver Disease,0.1555
1562,165,Alcoholic Liver Disease,0.1293
1563,166,Alcoholic Liver Disease,0.2737
1564,167,Alcoholic Liver Disease,0.0844
1565,168,Alcoholic Liver Disease,0.2616
1566,169,Alcoholic Liver Disease,0.2496
1567,170,Alcoholic Liver Disease,0.0961
1568,171,Alcoholic Liver Disease,0.2765
1569,172,Alcoholic Liver Disease,0.0902
1570,173,Alcoholic Liver Disease,0.1656
1571,174,Alcoholic Liver Disease,0.1945
1572,175,Alcoholic Liver Disease,0.4688
1573,176,Alcoholic Liver Disease,0.1057
1575,178,Alcoholic Liver Disease,0.1003
1576,179,Alcoholic Liver Disease,0.2182
1577,180,Alcoholic Liver Disease,0.3019
1578,181,Alcoholic Liver Disease,0.0717
1579,182,Alcoholic Liver Disease,0.2571
1580,183,Alcoholic Liver Disease,0.3561
1581,184,Alcoholic Liver Disease,0.1906
1582,185,Alcoholic Liver Disease,0.038
1583,186,Alcoholic Liver Disease,0.1436
1584,187,Alcoholic Liver Disease,0.2265
1585,188,Alcoholic Liver Disease,0.2638
1586,189,Alcoholic Liver Disease,0.3068
1587,190,Alcoholic Liver Disease,0.1838
1588,191,Alcoholic Liver Disease,0.2102
1589,192,Alcoholic Liver Disease,0.0972
1590,193,Alcoholic Liver Disease,0.104
1591,194,Alcoholic Liver Disease,0.3258
1592,195,Alcoholic Liver Disease,0.0433
1593,196,Alcoholic Liver Disease,0.2072
1594,197,Alcoholic Liver Disease,0.3445
1595,198,Alcoholic Liver Disease,0.231
1596,199,Alcoholic Liver Disease,0.2416
1597,200,Alcoholic Liver Disease,0.0933
1598,201,Alcoholic Liver Disease,0.3159
1599,202,Alcoholic Liver Disease,0.1236
1600,203,Alcoholic Liver Disease,0.0458
1601,204,Alcoholic Liver Disease,0.1363
1602,205,Alcoholic Liver Disease,0.2607
1603,206,Alcoholic Liver Disease,0.3475
1604,207,Alcoholic Liver Disease,0.623
1605,208,Alcoholic Liver Disease,0.239
1606,209,Alcoholic Liver Disease,0.0717
1607,210,Alcoholic Liver Disease,0.2277
1608,211,Alcoholic Liver Disease,0.2746
1609,212,Alcoholic Liver Disease,0.0585
1610,213,Alcoholic Liver Disease,0.3021
1611,214,Alcoholic Liver Disease,0.182
1612,215,Alcoholic Liver Disease,0.0264
1613,216,Alcoholic Liver Disease,0.2983
1614,217,Alcoholic Liver Disease,0.3449
1615,218,Alcoholic Liver Disease,0.132
1616,219,Alcoholic Liver Disease,0.4465
1617,220,Alcoholic Liver Disease,0.2401
1618,221,Alcoholic Liver Disease,0.3033
1619,222,Alcoholic Liver Disease,0.2257
1620,223,Alcoholic Liver Disease,0.2596
1621,224,Alcoholic Liver Disease,0.3026
1622,225,Alcoholic Liver Disease,0.2878
1623,226,Alcoholic Liver Disease,0.1046
1624,227,Alcoholic Liver Disease,0.0757
1625,228,Alcoholic Liver Disease,0.1104
1626,229,Alcoholic Liver Disease,0.292
1627,230,Alcoholic Liver Disease,0.1721
1628,231,Alcoholic Liver Disease,0.2945
1629,232,Alcoholic Liver Disease,0.3064
1630,233,Alcoholic Liver Disease,0.1902
1631,1,Heart Disease,0.1813
1632,2,Heart Disease,0.191
1633,3,Heart Disease,0.1459
1634,4,Heart Disease,0.1216
1635,5,Heart Disease,0.3145
1636,6,Heart Disease,0.4576
1637,7,Heart Disease,0.181
1638,8,Heart Disease,0.0267
1639,9,Heart Disease,0.1258
1640,10,Heart Disease,0.2326
1641,11,Heart Disease,0.3922
1642,12,Heart Disease,0.2841
1643,13,Heart Disease,0.1407
1644,14,Heart Disease,0.1371
1645,15,Heart Disease,0.184
1646,16,Heart Disease,0.1483
1647,17,Heart Disease,0.0886
1648,18,Heart Disease,0.1437
1649,19,Heart Disease,0.1919
1650,20,Heart Disease,0.1251
1651,21,Heart Disease,0.1123
1652,22,Heart Disease,0.0676
1653,23,Heart Disease,0.1938
1654,24,Heart Disease,0.1844
1655,25,Heart Disease,0.2397
1656,26,Heart Disease,0.1629
1657,27,Heart Disease,0.2571
1658,28,Heart Disease,0.1276
1659,29,Heart Disease,0.2352
1660,30,Heart Disease,0.467
1661,31,Heart Disease,0.1156
1662,32,Heart Disease,0.1571
1663,33,Heart Disease,0.0674
1664,34,Heart Disease,0.2886
1665,35,Heart Disease,0.0801
1666,36,Heart Disease,0.2351
1667,37,Heart Disease,0.2154
1668,38,Heart Disease,0.2201
1669,39,Heart Disease,0.308
1670,40,Heart Disease,0.3396
1671,41,Heart Disease,0.0738
1672,42,Heart Disease,0.3034
1673,43,Heart Disease,0.1244
1674,44,Heart Disease,0.1879
1675,45,Heart Disease,0.4192
1676,46,Heart Disease,0.5069
1677,47,Heart Disease,0.0351
1678,48,Heart Disease,0.0235
1679,49,Heart Disease,0.2192
1680,50,Heart Disease,0.4571
1681,51,Heart Disease,0.3114
1682,52,Heart Disease,0.078
1683,53,Heart Disease,0.1187
1684,54,Heart Disease,0.1855
1685,55,Heart Disease,0.2039
1686,56,Heart Disease,0.3461
1687,57,Heart Disease,0.133
1688,58,Heart Disease,0.1871
1689,59,Heart Disease,0.1532
1690,60,Heart Disease,0.1419
1691,61,Heart Disease,0.0924
1692,62,Heart Disease,0.3378
1693,63,Heart Disease,0.1797
1694,64,Heart Disease,0.2024
1695,65,Heart Disease,0.2866
1696,66,Heart Disease,0.2326
1697,67,Heart Disease,0.2556
1698,68,Heart Disease,0.1967
1699,69,Heart Disease,0.1865
1700,70,Heart Disease,0.1082
1701,71,Heart Disease,0.1564
1702,72,Heart Disease,0.2875
1703,73,Heart Disease,0.1155
1704,74,Heart Disease,0.375
1705,75,Heart Disease,0.0393
1706,76,Heart Disease,0.1504
1707,77,Heart Disease,0.1597
1708,78,Heart Disease,0.3652
1709,79,Heart Disease,0.301
1710,80,Heart Disease,0.2877
1711,81,Heart Disease,0.2782
1712,82,Heart Disease,0.2276
1713,83,Heart Disease,0.063
1714,84,Heart Disease,0.3831
1715,85,Heart Disease,0.2816
1716,86,Heart Disease,0.3236
1717,87,Heart Disease,0.3294
1718,88,Heart Disease,0.088
1719,89,Heart Disease,0.4988
1720,90,Heart Disease,0.2461
1721,91,Heart Disease,0.1383
1722,92,Heart Disease,0.1529
1723,93,Heart Disease,0.2134
1724,94,Heart Disease,0.2418
1725,95,Heart Disease,0.1421
1726,96,Heart Disease,0.0856
1727,97,Heart Disease,0.2637
1728,98,Heart Disease,0.2775
1729,99,Heart Disease,0.5307
1730,100,Heart Disease,0.1073
1731,101,Heart Disease,0.4223
1732,102,Heart Disease,0.2153
1733,103,Heart Disease,0.316
1734,104,Heart Disease,0.1831
1735,105,Heart Disease,0.1142
1736,106,Heart Disease,0.3294
1737,107,Heart Disease,0.2085
1738,108,Heart Disease,0.5007
1739,109,Heart Disease,0.319
1740,110,Heart Disease,0.1041
1741,111,Heart Disease,0.2792
1742,112,Heart Disease,0.0543
1743,113,Heart Disease,0.2451
1744,114,Heart Disease,0.3964
1745,115,Heart Disease,0.3618
1746,116,Heart Disease,0.1723
1747,117,Heart Disease,0.3702
1748,118,Heart Disease,0.3098
1749,119,Heart Disease,0.0976
1750,120,Heart Disease,0.2874
1751,121,Heart Disease,0.3448
1752,122,Heart Disease,0.2873
1753,123,Heart Disease,0.3084
1754,124,Heart Disease,0.1279
1755,125,Heart Disease,0.2702
1756,126,Heart Disease,0.1182
1757,127,Heart Disease,0.0168
1758,128,Heart Disease,0.0832
1759,129,Heart Disease,0.0391
1760,130,Heart Disease,0.186
1761,131,Heart Disease,0.1096
1762,132,Heart Disease,0.2633
1763,133,Heart Disease,0.0804
1764,134,Heart Disease,0.0715
1765,135,Heart Disease,0.0997
1766,136,Heart Disease,0.1751
1767,137,Heart Disease,0.2456
1768,138,Heart Disease,0.2001
1769,139,Heart Disease,0.111
1770,140,Heart Disease,0.2753
1771,141,Heart Disease,0.218
1772,142,Heart Disease,0.2605
1773,143,Heart Disease,0.2431
1774,144,Heart Disease,0.3514
1775,145,Heart Disease,0.199
1776,146,Heart Disease,0.3827
1777,147,Heart Disease,0.1071
1778,148,Heart Disease,0.1231
1779,149,Heart Disease,0.4522
1780,150,Heart Disease,0.2491
1781,151,Heart Disease,0.3698
1782,152,Heart Disease,0.3123
1783,153,Heart Disease,0.2799
1784,154,Heart Disease,0.1851
1785,155,Heart Disease,0.2561
1786,156,Heart Disease,0.0549
1787,157,Heart Disease,0.2221
1788,158,Heart Disease,0.3905
1789,159,Heart Disease,0.3626
1790,160,Heart Disease,0.1165
1791,161,Heart Disease,0.0751
1792,162,Heart Disease,0.4839
1793,163,Heart Disease,0.2401
1794,164,Heart Disease,0.2003
1795,165,Heart Disease,0.1295
1796,166,Heart Disease,0.2741
1797,167,Heart Disease,0.0845
1798,168,Heart Disease,0.286
1799,169,Heart Disease,0.2499
1800,170,Heart Disease,0.0963
1801,171,Heart Disease,0.2768
1802,172,Heart Disease,0.0904
1803,173,Heart Disease,0.1659
1804,174,Heart Disease,0.1948
1805,175,Heart Disease,0.2949
1806,176,Heart Disease,0.1059
1808,178,Heart Disease,0.1004
1809,179,Heart Disease,0.3094
1810,180,Heart Disease,0.3023
1811,181,Heart Disease,0.0718
1812,182,Heart Disease,0.2574
1813,183,Heart Disease,0.3566
1814,184,Heart Disease,0.2176
1815,185,Heart Disease,0.0381
1816,186,Heart Disease,0.1438
1817,187,Heart Disease,0.2269
1818,188,Heart Disease,0.2641
1819,189,Heart Disease,0.3073
1820,190,Heart Disease,0.1841
1821,191,Heart Disease,0.2332
1822,192,Heart Disease,0.0974
1823,193,Heart Disease,0.1041
1824,194,Heart Disease,0.4201
1825,195,Heart Disease,0.0434
1826,196,Heart Disease,0.2075
1827,197,Heart Disease,0.4733
1828,198,Heart Disease,0.2314
1829,199,Heart Disease,0.2419
1830,200,Heart Disease,0.0935
1831,201,Heart Disease,0.3253
1832,202,Heart Disease,0.1238
1833,203,Heart Disease,0.0459
1834,204,Heart Disease,0.1365
1835,205,Heart Disease,0.2611
1836,206,Heart Disease,0.4598
1837,207,Heart Disease,0.3518
1838,208,Heart Disease,0.2578
1839,209,Heart Disease,0.0718
1840,210,Heart Disease,0.228
1841,211,Heart Disease,0.275
1842,212,Heart Disease,0.0585
1843,213,Heart Disease,0.3822
1844,214,Heart Disease,0.1822
1845,215,Heart Disease,0.0264
1846,216,Heart Disease,0.2987
1847,217,Heart Disease,0.4362
1848,218,Heart Disease,0.1322
1849,219,Heart Disease,0.3892
1850,220,Heart Disease,0.207
1851,221,Heart Disease,0.3272
1852,222,Heart Disease,0.2681
1853,223,Heart Disease,0.26
1854,224,Heart Disease,0.3078
1855,225,Heart Disease,0.2882
1856,226,Heart Disease,0.1048
1857,227,Heart Disease,0.0758
1858,228,Heart Disease,0.4712
1859,229,Heart Disease,0.1663
1860,230,Heart Disease,0.1723
1861,231,Heart Disease,0.3497
1862,232,Heart Disease,0.2836
1863,233,Heart Disease,0.1904
